id,firstname,lastname,age
1,John,Doe,25
2,Jane,Smith,22
3,Bob,Johnson,23
4,Alice,Williams,24
5,Charlie,Brown,26
6,Diana,Moore,21
7,Edward,Taylor,27
8,Emma,Anderson,22
9,Frank,Thomas,24
10,Grace,Jackson,23
11,Henry,White,28
12,Ivy,Harris,20
13,Jack,Martin,29
14,Kate,Thompson,21
15,Liam,Garcia,26
16,Mia,Martinez,24
17,Noah,Robinson,25
18,Olivia,Clark,22
19,Paul,Rodriguez,30
20,Quinn,Lewis,23
21,Rachel,Lee,24
22,Sam,Wright,27
23,Tina,Hall,22
24,Victor,Young,29
25,Wendy,Allen,21
26,Xander,Sanchez,25
27,Yara,King,28
28,Zachary,Scott,22
29,Amy,Bailey,24
30,Brian,Adams,26
31,Cathy,Nelson,23
32,Derek,Carter,25
33,Eva,Mitchell,21
34,Franklin,Perez,30
35,Gloria,Roberts,22
36,Hugo,Turner,27
37,Iris,Phillips,24
38,James,Campbell,26
39,Karen,Parker,23
40,Luke,Evans,29
41,Megan,Edwards,21
42,Nate,Collins,25
43,Olive,Stewart,28
44,Peter,Sanchez,22
45,Quincy,Nguyen,24
46,Rita,Long,27
47,Steve,Reed,30
48,Tara,Price,23
49,Ursula,Wood,26
50,Vincent,Cooper,21
51,Wanda,Richardson,25
52,Xena,Howard,28
53,Yasmine,James,22
54,Zane,Watson,24
55,Alice,Kim,29
56,Benjamin,Patel,21
57,Cynthia,Robinson,25
58,Dylan,Garcia,27
59,Evelyn,Martinez,23
60,Freddie,Lopez,30
61,Gina,Scott,22
62,Harrison,Nguyen,24
63,Ivy,Hernandez,26
64,Jackie,Clark,21
65,Kyle,Roberts,25
66,Lila,Lee,28
67,Marco,Allen,22
68,Nina,Young,29
69,Oscar,King,23
70,Paula,Adams,24
71,Quinn,Walker,27
72,Ronald,Hall,20
73,Sophie,Turner,30
74,Tony,Mitchell,21
75,Uma,Carter,25
76,Vera,Phillips,28
77,Wesley,Campbell,22
78,Xander,Evans,24
79,Yvette,Collins,26
80,Zara,Stewart,23
81,Aiden,Roberts,29
82,Bella,Young,21
83,Caleb,Garcia,25
84,Daphne,Martinez,27
85,Eli,Rodriguez,22
86,Fiona,Lee,24
87,George,Thompson,30
88,Holly,Clark,23
89,Isaac,Wright,26
90,Jasmine,Hall,21
91,Kevin,Anderson,25
92,Layla,Moore,28
93,Max,Jackson,22
94,Nora,White,24
95,Owen,Martinez,29
96,Paige,Smith,21
97,Quinn,Brown,25
98,Riley,Johnson,30
99,Samantha,Taylor,22
100,Tyler,Lee,26
1,John,Doe,25
2,Jane,Smith,22
3,Bob,Johnson,23
4,Alice,Williams,24
5,Charlie,Brown,26
6,Diana,Moore,21
7,Edward,Taylor,27
8,Emma,Anderson,22
9,Frank,Thomas,24
10,Grace,Jackson,23
11,Henry,White,28
12,Ivy,Harris,20
13,Jack,Martin,29
14,Kate,Thompson,21
15,Liam,Garcia,26
16,Mia,Martinez,24
17,Noah,Robinson,25
18,Olivia,Clark,22
19,Paul,Rodriguez,30
20,Quinn,Lewis,23
21,Rachel,Lee,24
22,Sam,Wright,27
23,Tina,Hall,22
24,Victor,Young,29
25,Wendy,Allen,21
26,Xander,Sanchez,25
27,Yara,King,28
28,Zachary,Scott,22
29,Amy,Bailey,24
30,Brian,Adams,26
31,Cathy,Nelson,23
32,Derek,Carter,25
33,Eva,Mitchell,21
34,Franklin,Perez,30
35,Gloria,Roberts,22
36,Hugo,Turner,27
37,Iris,Phillips,24
38,James,Campbell,26
39,Karen,Parker,23
40,Luke,Evans,29
41,Megan,Edwards,21
42,Nate,Collins,25
43,Olive,Stewart,28
44,Peter,Sanchez,22
45,Quincy,Nguyen,24
46,Rita,Long,27
47,Steve,Reed,30
48,Tara,Price,23
49,Ursula,Wood,26
50,Vincent,Cooper,21
51,Wanda,Richardson,25
52,Xena,Howard,28
53,Yasmine,James,22
54,Zane,Watson,24
55,Alice,Kim,29
56,Benjamin,Patel,21
57,Cynthia,Robinson,25
58,Dylan,Garcia,27
59,Evelyn,Martinez,23
60,Freddie,Lopez,30
61,Gina,Scott,22
62,Harrison,Nguyen,24
63,Ivy,Hernandez,26
64,Jackie,Clark,21
65,Kyle,Roberts,25
66,Lila,Lee,28
67,Marco,Allen,22
68,Nina,Young,29
69,Oscar,King,23
70,Paula,Adams,24
71,Quinn,Walker,27
72,Ronald,Hall,20
73,Sophie,Turner,30
74,Tony,Mitchell,21
75,Uma,Carter,25
76,Vera,Phillips,28
77,Wesley,Campbell,22
78,Xander,Evans,24
79,Yvette,Collins,26
80,Zara,Stewart,23
81,Aiden,Roberts,29
82,Bella,Young,21
83,Caleb,Garcia,25
84,Daphne,Martinez,27
85,Eli,Rodriguez,22
86,Fiona,Lee,24
87,George,Thompson,30
88,Holly,Clark,23
89,Isaac,Wright,26
90,Jasmine,Hall,21
91,Kevin,Anderson,25
92,Layla,Moore,28
93,Max,Jackson,22
94,Nora,White,24
95,Owen,Martinez,29
96,Paige,Smith,21
97,Quinn,Brown,25
98,Riley,Johnson,30
99,Samantha,Taylor,22
100,Tyler,Lee,26
1,John,Doe,25
2,Jane,Smith,22
3,Bob,Johnson,23
4,Alice,Williams,24
5,Charlie,Brown,26
6,Diana,Moore,21
7,Edward,Taylor,27
8,Emma,Anderson,22
9,Frank,Thomas,24
10,Grace,Jackson,23
11,Henry,White,28
12,Ivy,Harris,20
13,Jack,Martin,29
14,Kate,Thompson,21
15,Liam,Garcia,26
16,Mia,Martinez,24
17,Noah,Robinson,25
18,Olivia,Clark,22
19,Paul,Rodriguez,30
20,Quinn,Lewis,23
21,Rachel,Lee,24
22,Sam,Wright,27
23,Tina,Hall,22
24,Victor,Young,29
25,Wendy,Allen,21
26,Xander,Sanchez,25
27,Yara,King,28
28,Zachary,Scott,22
29,Amy,Bailey,24
30,Brian,Adams,26
31,Cathy,Nelson,23
32,Derek,Carter,25
33,Eva,Mitchell,21
34,Franklin,Perez,30
35,Gloria,Roberts,22
36,Hugo,Turner,27
37,Iris,Phillips,24
38,James,Campbell,26
39,Karen,Parker,23
40,Luke,Evans,29
41,Megan,Edwards,21
42,Nate,Collins,25
43,Olive,Stewart,28
44,Peter,Sanchez,22
45,Quincy,Nguyen,24
46,Rita,Long,27
47,Steve,Reed,30
48,Tara,Price,23
49,Ursula,Wood,26
50,Vincent,Cooper,21
51,Wanda,Richardson,25
52,Xena,Howard,28
53,Yasmine,James,22
54,Zane,Watson,24
55,Alice,Kim,29
56,Benjamin,Patel,21
57,Cynthia,Robinson,25
58,Dylan,Garcia,27
59,Evelyn,Martinez,23
60,Freddie,Lopez,30
61,Gina,Scott,22
62,Harrison,Nguyen,24
63,Ivy,Hernandez,26
64,Jackie,Clark,21
65,Kyle,Roberts,25
66,Lila,Lee,28
67,Marco,Allen,22
68,Nina,Young,29
69,Oscar,King,23
70,Paula,Adams,24
71,Quinn,Walker,27
72,Ronald,Hall,20
73,Sophie,Turner,30
74,Tony,Mitchell,21
75,Uma,Carter,25
76,Vera,Phillips,28
77,Wesley,Campbell,22
78,Xander,Evans,24
79,Yvette,Collins,26
80,Zara,Stewart,23
81,Aiden,Roberts,29
82,Bella,Young,21
83,Caleb,Garcia,25
84,Daphne,Martinez,27
85,Eli,Rodriguez,22
86,Fiona,Lee,24
87,George,Thompson,30
88,Holly,Clark,23
89,Isaac,Wright,26
90,Jasmine,Hall,21
91,Kevin,Anderson,25
92,Layla,Moore,28
93,Max,Jackson,22
94,Nora,White,24
95,Owen,Martinez,29
96,Paige,Smith,21
97,Quinn,Brown,25
98,Riley,Johnson,30
99,Samantha,Taylor,22
100,Tyler,Lee,26
1,John,Doe,25
2,Jane,Smith,22
3,Bob,Johnson,23
4,Alice,Williams,24
5,Charlie,Brown,26
6,Diana,Moore,21
7,Edward,Taylor,27
8,Emma,Anderson,22
9,Frank,Thomas,24
10,Grace,Jackson,23
11,Henry,White,28
12,Ivy,Harris,20
13,Jack,Martin,29
14,Kate,Thompson,21
15,Liam,Garcia,26
16,Mia,Martinez,24
17,Noah,Robinson,25
18,Olivia,Clark,22
19,Paul,Rodriguez,30
20,Quinn,Lewis,23
21,Rachel,Lee,24
22,Sam,Wright,27
23,Tina,Hall,22
24,Victor,Young,29
25,Wendy,Allen,21
26,Xander,Sanchez,25
27,Yara,King,28
28,Zachary,Scott,22
29,Amy,Bailey,24
30,Brian,Adams,26
31,Cathy,Nelson,23
32,Derek,Carter,25
33,Eva,Mitchell,21
34,Franklin,Perez,30
35,Gloria,Roberts,22
36,Hugo,Turner,27
37,Iris,Phillips,24
38,James,Campbell,26
39,Karen,Parker,23
40,Luke,Evans,29
41,Megan,Edwards,21
42,Nate,Collins,25
43,Olive,Stewart,28
44,Peter,Sanchez,22
45,Quincy,Nguyen,24
46,Rita,Long,27
47,Steve,Reed,30
48,Tara,Price,23
49,Ursula,Wood,26
50,Vincent,Cooper,21
51,Wanda,Richardson,25
52,Xena,Howard,28
53,Yasmine,James,22
54,Zane,Watson,24
55,Alice,Kim,29
56,Benjamin,Patel,21
57,Cynthia,Robinson,25
58,Dylan,Garcia,27
59,Evelyn,Martinez,23
60,Freddie,Lopez,30
61,Gina,Scott,22
62,Harrison,Nguyen,24
63,Ivy,Hernandez,26
64,Jackie,Clark,21
65,Kyle,Roberts,25
66,Lila,Lee,28
67,Marco,Allen,22
68,Nina,Young,29
69,Oscar,King,23
70,Paula,Adams,24
71,Quinn,Walker,27
72,Ronald,Hall,20
73,Sophie,Turner,30
74,Tony,Mitchell,21
75,Uma,Carter,25
76,Vera,Phillips,28
77,Wesley,Campbell,22
78,Xander,Evans,24
79,Yvette,Collins,26
80,Zara,Stewart,23
81,Aiden,Roberts,29
82,Bella,Young,21
83,Caleb,Garcia,25
84,Daphne,Martinez,27
85,Eli,Rodriguez,22
86,Fiona,Lee,24
87,George,Thompson,30
88,Holly,Clark,23
89,Isaac,Wright,26
90,Jasmine,Hall,21
91,Kevin,Anderson,25
92,Layla,Moore,28
93,Max,Jackson,22
94,Nora,White,24
95,Owen,Martinez,29
96,Paige,Smith,21
97,Quinn,Brown,25
98,Riley,Johnson,30
99,Samantha,Taylor,22
100,Tyler,Lee,26
1,John,Doe,25
2,Jane,Smith,22
3,Bob,Johnson,23
4,Alice,Williams,24
5,Charlie,Brown,26
6,Diana,Moore,21
7,Edward,Taylor,27
8,Emma,Anderson,22
9,Frank,Thomas,24
10,Grace,Jackson,23
11,Henry,White,28
12,Ivy,Harris,20
13,Jack,Martin,29
14,Kate,Thompson,21
15,Liam,Garcia,26
16,Mia,Martinez,24
17,Noah,Robinson,25
18,Olivia,Clark,22
19,Paul,Rodriguez,30
20,Quinn,Lewis,23
21,Rachel,Lee,24
22,Sam,Wright,27
23,Tina,Hall,22
24,Victor,Young,29
25,Wendy,Allen,21
26,Xander,Sanchez,25
27,Yara,King,28
28,Zachary,Scott,22
29,Amy,Bailey,24
30,Brian,Adams,26
31,Cathy,Nelson,23
32,Derek,Carter,25
33,Eva,Mitchell,21
34,Franklin,Perez,30
35,Gloria,Roberts,22
36,Hugo,Turner,27
37,Iris,Phillips,24
38,James,Campbell,26
39,Karen,Parker,23
40,Luke,Evans,29
41,Megan,Edwards,21
42,Nate,Collins,25
43,Olive,Stewart,28
44,Peter,Sanchez,22
45,Quincy,Nguyen,24
46,Rita,Long,27
47,Steve,Reed,30
48,Tara,Price,23
49,Ursula,Wood,26
50,Vincent,Cooper,21
51,Wanda,Richardson,25
52,Xena,Howard,28
53,Yasmine,James,22
54,Zane,Watson,24
55,Alice,Kim,29
56,Benjamin,Patel,21
57,Cynthia,Robinson,25
58,Dylan,Garcia,27
59,Evelyn,Martinez,23
60,Freddie,Lopez,30
61,Gina,Scott,22
62,Harrison,Nguyen,24
63,Ivy,Hernandez,26
64,Jackie,Clark,21
65,Kyle,Roberts,25
66,Lila,Lee,28
67,Marco,Allen,22
68,Nina,Young,29
69,Oscar,King,23
70,Paula,Adams,24
71,Quinn,Walker,27
72,Ronald,Hall,20
73,Sophie,Turner,30
74,Tony,Mitchell,21
75,Uma,Carter,25
76,Vera,Phillips,28
77,Wesley,Campbell,22
78,Xander,Evans,24
79,Yvette,Collins,26
80,Zara,Stewart,23
81,Aiden,Roberts,29
82,Bella,Young,21
83,Caleb,Garcia,25
84,Daphne,Martinez,27
85,Eli,Rodriguez,22
86,Fiona,Lee,24
87,George,Thompson,30
88,Holly,Clark,23
89,Isaac,Wright,26
90,Jasmine,Hall,21
91,Kevin,Anderson,25
92,Layla,Moore,28
93,Max,Jackson,22
94,Nora,White,24
95,Owen,Martinez,29
96,Paige,Smith,21
97,Quinn,Brown,25
98,Riley,Johnson,30
99,Samantha,Taylor,22
100,Tyler,Lee,26
1,John,Doe,25
2,Jane,Smith,22
3,Bob,Johnson,23
4,Alice,Williams,24
5,Charlie,Brown,26
6,Diana,Moore,21
7,Edward,Taylor,27
8,Emma,Anderson,22
9,Frank,Thomas,24
10,Grace,Jackson,23
11,Henry,White,28
12,Ivy,Harris,20
13,Jack,Martin,29
14,Kate,Thompson,21
15,Liam,Garcia,26
16,Mia,Martinez,24
17,Noah,Robinson,25
18,Olivia,Clark,22
19,Paul,Rodriguez,30
20,Quinn,Lewis,23
21,Rachel,Lee,24
22,Sam,Wright,27
23,Tina,Hall,22
24,Victor,Young,29
25,Wendy,Allen,21
26,Xander,Sanchez,25
27,Yara,King,28
28,Zachary,Scott,22
29,Amy,Bailey,24
30,Brian,Adams,26
31,Cathy,Nelson,23
32,Derek,Carter,25
33,Eva,Mitchell,21
34,Franklin,Perez,30
35,Gloria,Roberts,22
36,Hugo,Turner,27
37,Iris,Phillips,24
38,James,Campbell,26
39,Karen,Parker,23
40,Luke,Evans,29
41,Megan,Edwards,21
42,Nate,Collins,25
43,Olive,Stewart,28
44,Peter,Sanchez,22
45,Quincy,Nguyen,24
46,Rita,Long,27
47,Steve,Reed,30
48,Tara,Price,23
49,Ursula,Wood,26
50,Vincent,Cooper,21
51,Wanda,Richardson,25
52,Xena,Howard,28
53,Yasmine,James,22
54,Zane,Watson,24
55,Alice,Kim,29
56,Benjamin,Patel,21
57,Cynthia,Robinson,25
58,Dylan,Garcia,27
59,Evelyn,Martinez,23
60,Freddie,Lopez,30
61,Gina,Scott,22
62,Harrison,Nguyen,24
63,Ivy,Hernandez,26
64,Jackie,Clark,21
65,Kyle,Roberts,25
66,Lila,Lee,28
67,Marco,Allen,22
68,Nina,Young,29
69,Oscar,King,23
70,Paula,Adams,24
71,Quinn,Walker,27
72,Ronald,Hall,20
73,Sophie,Turner,30
74,Tony,Mitchell,21
75,Uma,Carter,25
76,Vera,Phillips,28
77,Wesley,Campbell,22
78,Xander,Evans,24
79,Yvette,Collins,26
80,Zara,Stewart,23
81,Aiden,Roberts,29
82,Bella,Young,21
83,Caleb,Garcia,25
84,Daphne,Martinez,27
85,Eli,Rodriguez,22
86,Fiona,Lee,24
87,George,Thompson,30
88,Holly,Clark,23
89,Isaac,Wright,26
90,Jasmine,Hall,21
91,Kevin,Anderson,25
92,Layla,Moore,28
93,Max,Jackson,22
94,Nora,White,24
95,Owen,Martinez,29
96,Paige,Smith,21
97,Quinn,Brown,25
98,Riley,Johnson,30
99,Samantha,Taylor,22
100,Tyler,Lee,26
1,John,Doe,25
2,Jane,Smith,22
3,Bob,Johnson,23
4,Alice,Williams,24
5,Charlie,Brown,26
6,Diana,Moore,21
7,Edward,Taylor,27
8,Emma,Anderson,22
9,Frank,Thomas,24
10,Grace,Jackson,23
11,Henry,White,28
12,Ivy,Harris,20
13,Jack,Martin,29
14,Kate,Thompson,21
15,Liam,Garcia,26
16,Mia,Martinez,24
17,Noah,Robinson,25
18,Olivia,Clark,22
19,Paul,Rodriguez,30
20,Quinn,Lewis,23
21,Rachel,Lee,24
22,Sam,Wright,27
23,Tina,Hall,22
24,Victor,Young,29
25,Wendy,Allen,21
26,Xander,Sanchez,25
27,Yara,King,28
28,Zachary,Scott,22
29,Amy,Bailey,24
30,Brian,Adams,26
31,Cathy,Nelson,23
32,Derek,Carter,25
33,Eva,Mitchell,21
34,Franklin,Perez,30
35,Gloria,Roberts,22
36,Hugo,Turner,27
37,Iris,Phillips,24
38,James,Campbell,26
39,Karen,Parker,23
40,Luke,Evans,29
41,Megan,Edwards,21
42,Nate,Collins,25
43,Olive,Stewart,28
44,Peter,Sanchez,22
45,Quincy,Nguyen,24
46,Rita,Long,27
47,Steve,Reed,30
48,Tara,Price,23
49,Ursula,Wood,26
50,Vincent,Cooper,21
51,Wanda,Richardson,25
52,Xena,Howard,28
53,Yasmine,James,22
54,Zane,Watson,24
55,Alice,Kim,29
56,Benjamin,Patel,21
57,Cynthia,Robinson,25
58,Dylan,Garcia,27
59,Evelyn,Martinez,23
60,Freddie,Lopez,30
61,Gina,Scott,22
62,Harrison,Nguyen,24
63,Ivy,Hernandez,26
64,Jackie,Clark,21
65,Kyle,Roberts,25
66,Lila,Lee,28
67,Marco,Allen,22
68,Nina,Young,29
69,Oscar,King,23
70,Paula,Adams,24
71,Quinn,Walker,27
72,Ronald,Hall,20
73,Sophie,Turner,30
74,Tony,Mitchell,21
75,Uma,Carter,25
76,Vera,Phillips,28
77,Wesley,Campbell,22
78,Xander,Evans,24
79,Yvette,Collins,26
80,Zara,Stewart,23
81,Aiden,Roberts,29
82,Bella,Young,21
83,Caleb,Garcia,25
84,Daphne,Martinez,27
85,Eli,Rodriguez,22
86,Fiona,Lee,24
87,George,Thompson,30
88,Holly,Clark,23
89,Isaac,Wright,26
90,Jasmine,Hall,21
91,Kevin,Anderson,25
92,Layla,Moore,28
93,Max,Jackson,22
94,Nora,White,24
95,Owen,Martinez,29
96,Paige,Smith,21
97,Quinn,Brown,25
98,Riley,Johnson,30
99,Samantha,Taylor,22
100,Tyler,Lee,26
1,John,Doe,25
2,Jane,Smith,22
3,Bob,Johnson,23
4,Alice,Williams,24
5,Charlie,Brown,26
6,Diana,Moore,21
7,Edward,Taylor,27
8,Emma,Anderson,22
9,Frank,Thomas,24
10,Grace,Jackson,23
11,Henry,White,28
12,Ivy,Harris,20
13,Jack,Martin,29
14,Kate,Thompson,21
15,Liam,Garcia,26
16,Mia,Martinez,24
17,Noah,Robinson,25
18,Olivia,Clark,22
19,Paul,Rodriguez,30
20,Quinn,Lewis,23
21,Rachel,Lee,24
22,Sam,Wright,27
23,Tina,Hall,22
24,Victor,Young,29
25,Wendy,Allen,21
26,Xander,Sanchez,25
27,Yara,King,28
28,Zachary,Scott,22
29,Amy,Bailey,24
30,Brian,Adams,26
31,Cathy,Nelson,23
32,Derek,Carter,25
33,Eva,Mitchell,21
34,Franklin,Perez,30
35,Gloria,Roberts,22
36,Hugo,Turner,27
37,Iris,Phillips,24
38,James,Campbell,26
39,Karen,Parker,23
40,Luke,Evans,29
41,Megan,Edwards,21
42,Nate,Collins,25
43,Olive,Stewart,28
44,Peter,Sanchez,22
45,Quincy,Nguyen,24
46,Rita,Long,27
47,Steve,Reed,30
48,Tara,Price,23
49,Ursula,Wood,26
50,Vincent,Cooper,21
51,Wanda,Richardson,25
52,Xena,Howard,28
53,Yasmine,James,22
54,Zane,Watson,24
55,Alice,Kim,29
56,Benjamin,Patel,21
57,Cynthia,Robinson,25
58,Dylan,Garcia,27
59,Evelyn,Martinez,23
60,Freddie,Lopez,30
61,Gina,Scott,22
62,Harrison,Nguyen,24
63,Ivy,Hernandez,26
64,Jackie,Clark,21
65,Kyle,Roberts,25
66,Lila,Lee,28
67,Marco,Allen,22
68,Nina,Young,29
69,Oscar,King,23
70,Paula,Adams,24
71,Quinn,Walker,27
72,Ronald,Hall,20
73,Sophie,Turner,30
74,Tony,Mitchell,21
75,Uma,Carter,25
76,Vera,Phillips,28
77,Wesley,Campbell,22
78,Xander,Evans,24
79,Yvette,Collins,26
80,Zara,Stewart,23
81,Aiden,Roberts,29
82,Bella,Young,21
83,Caleb,Garcia,25
84,Daphne,Martinez,27
85,Eli,Rodriguez,22
86,Fiona,Lee,24
87,George,Thompson,30
88,Holly,Clark,23
89,Isaac,Wright,26
90,Jasmine,Hall,21
91,Kevin,Anderson,25
92,Layla,Moore,28
93,Max,Jackson,22
94,Nora,White,24
95,Owen,Martinez,29
96,Paige,Smith,21
97,Quinn,Brown,25
98,Riley,Johnson,30
99,Samantha,Taylor,22
100,Tyler,Lee,26
1,John,Doe,25
2,Jane,Smith,22
3,Bob,Johnson,23
4,Alice,Williams,24
5,Charlie,Brown,26
6,Diana,Moore,21
7,Edward,Taylor,27
8,Emma,Anderson,22
9,Frank,Thomas,24
10,Grace,Jackson,23
11,Henry,White,28
12,Ivy,Harris,20
13,Jack,Martin,29
14,Kate,Thompson,21
15,Liam,Garcia,26
16,Mia,Martinez,24
17,Noah,Robinson,25
18,Olivia,Clark,22
19,Paul,Rodriguez,30
20,Quinn,Lewis,23
21,Rachel,Lee,24
22,Sam,Wright,27
23,Tina,Hall,22
24,Victor,Young,29
25,Wendy,Allen,21
26,Xander,Sanchez,25
27,Yara,King,28
28,Zachary,Scott,22
29,Amy,Bailey,24
30,Brian,Adams,26
31,Cathy,Nelson,23
32,Derek,Carter,25
33,Eva,Mitchell,21
34,Franklin,Perez,30
35,Gloria,Roberts,22
36,Hugo,Turner,27
37,Iris,Phillips,24
38,James,Campbell,26
39,Karen,Parker,23
40,Luke,Evans,29
41,Megan,Edwards,21
42,Nate,Collins,25
43,Olive,Stewart,28
44,Peter,Sanchez,22
45,Quincy,Nguyen,24
46,Rita,Long,27
47,Steve,Reed,30
48,Tara,Price,23
49,Ursula,Wood,26
50,Vincent,Cooper,21
51,Wanda,Richardson,25
52,Xena,Howard,28
53,Yasmine,James,22
54,Zane,Watson,24
55,Alice,Kim,29
56,Benjamin,Patel,21
57,Cynthia,Robinson,25
58,Dylan,Garcia,27
59,Evelyn,Martinez,23
60,Freddie,Lopez,30
61,Gina,Scott,22
62,Harrison,Nguyen,24
63,Ivy,Hernandez,26
64,Jackie,Clark,21
65,Kyle,Roberts,25
66,Lila,Lee,28
67,Marco,Allen,22
68,Nina,Young,29
69,Oscar,King,23
70,Paula,Adams,24
71,Quinn,Walker,27
72,Ronald,Hall,20
73,Sophie,Turner,30
74,Tony,Mitchell,21
75,Uma,Carter,25
76,Vera,Phillips,28
77,Wesley,Campbell,22
78,Xander,Evans,24
79,Yvette,Collins,26
80,Zara,Stewart,23
81,Aiden,Roberts,29
82,Bella,Young,21
83,Caleb,Garcia,25
84,Daphne,Martinez,27
85,Eli,Rodriguez,22
86,Fiona,Lee,24
87,George,Thompson,30
88,Holly,Clark,23
89,Isaac,Wright,26
90,Jasmine,Hall,21
91,Kevin,Anderson,25
92,Layla,Moore,28
93,Max,Jackson,22
94,Nora,White,24
95,Owen,Martinez,29
96,Paige,Smith,21
97,Quinn,Brown,25
98,Riley,Johnson,30
99,Samantha,Taylor,22
100,Tyler,Lee,26
1,John,Doe,25
2,Jane,Smith,22
3,Bob,Johnson,23
4,Alice,Williams,24
5,Charlie,Brown,26
6,Diana,Moore,21
7,Edward,Taylor,27
8,Emma,Anderson,22
9,Frank,Thomas,24
10,Grace,Jackson,23
11,Henry,White,28
12,Ivy,Harris,20
13,Jack,Martin,29
14,Kate,Thompson,21
15,Liam,Garcia,26
16,Mia,Martinez,24
17,Noah,Robinson,25
18,Olivia,Clark,22
19,Paul,Rodriguez,30
20,Quinn,Lewis,23
21,Rachel,Lee,24
22,Sam,Wright,27
23,Tina,Hall,22
24,Victor,Young,29
25,Wendy,Allen,21
26,Xander,Sanchez,25
27,Yara,King,28
28,Zachary,Scott,22
29,Amy,Bailey,24
30,Brian,Adams,26
31,Cathy,Nelson,23
32,Derek,Carter,25
33,Eva,Mitchell,21
34,Franklin,Perez,30
35,Gloria,Roberts,22
36,Hugo,Turner,27
37,Iris,Phillips,24
38,James,Campbell,26
39,Karen,Parker,23
40,Luke,Evans,29
41,Megan,Edwards,21
42,Nate,Collins,25
43,Olive,Stewart,28
44,Peter,Sanchez,22
45,Quincy,Nguyen,24
46,Rita,Long,27
47,Steve,Reed,30
48,Tara,Price,23
49,Ursula,Wood,26
50,Vincent,Cooper,21
51,Wanda,Richardson,25
52,Xena,Howard,28
53,Yasmine,James,22
54,Zane,Watson,24
55,Alice,Kim,29
56,Benjamin,Patel,21
57,Cynthia,Robinson,25
58,Dylan,Garcia,27
59,Evelyn,Martinez,23
60,Freddie,Lopez,30
61,Gina,Scott,22
62,Harrison,Nguyen,24
63,Ivy,Hernandez,26
64,Jackie,Clark,21
65,Kyle,Roberts,25
66,Lila,Lee,28
67,Marco,Allen,22
68,Nina,Young,29
69,Oscar,King,23
70,Paula,Adams,24
71,Quinn,Walker,27
72,Ronald,Hall,20
73,Sophie,Turner,30
74,Tony,Mitchell,21
75,Uma,Carter,25
76,Vera,Phillips,28
77,Wesley,Campbell,22
78,Xander,Evans,24
79,Yvette,Collins,26
80,Zara,Stewart,23
81,Aiden,Roberts,29
82,Bella,Young,21
83,Caleb,Garcia,25
84,Daphne,Martinez,27
85,Eli,Rodriguez,22
86,Fiona,Lee,24
87,George,Thompson,30
88,Holly,Clark,23
89,Isaac,Wright,26
90,Jasmine,Hall,21
91,Kevin,Anderson,25
92,Layla,Moore,28
93,Max,Jackson,22
94,Nora,White,24
95,Owen,Martinez,29
96,Paige,Smith,21
97,Quinn,Brown,25
98,Riley,Johnson,30
99,Samantha,Taylor,22
100,Tyler,Lee,26
1,John,Doe,25
2,Jane,Smith,22
3,Bob,Johnson,23
4,Alice,Williams,24
5,Charlie,Brown,26
6,Diana,Moore,21
7,Edward,Taylor,27
8,Emma,Anderson,22
9,Frank,Thomas,24
10,Grace,Jackson,23
11,Henry,White,28
12,Ivy,Harris,20
13,Jack,Martin,29
14,Kate,Thompson,21
15,Liam,Garcia,26
16,Mia,Martinez,24
17,Noah,Robinson,25
18,Olivia,Clark,22
19,Paul,Rodriguez,30
20,Quinn,Lewis,23
21,Rachel,Lee,24
22,Sam,Wright,27
23,Tina,Hall,22
24,Victor,Young,29
25,Wendy,Allen,21
26,Xander,Sanchez,25
27,Yara,King,28
28,Zachary,Scott,22
29,Amy,Bailey,24
30,Brian,Adams,26
31,Cathy,Nelson,23
32,Derek,Carter,25
33,Eva,Mitchell,21
34,Franklin,Perez,30
35,Gloria,Roberts,22
36,Hugo,Turner,27
37,Iris,Phillips,24
38,James,Campbell,26
39,Karen,Parker,23
40,Luke,Evans,29
41,Megan,Edwards,21
42,Nate,Collins,25
43,Olive,Stewart,28
44,Peter,Sanchez,22
45,Quincy,Nguyen,24
46,Rita,Long,27
47,Steve,Reed,30
48,Tara,Price,23
49,Ursula,Wood,26
50,Vincent,Cooper,21
51,Wanda,Richardson,25
52,Xena,Howard,28
53,Yasmine,James,22
54,Zane,Watson,24
55,Alice,Kim,29
56,Benjamin,Patel,21
57,Cynthia,Robinson,25
58,Dylan,Garcia,27
59,Evelyn,Martinez,23
60,Freddie,Lopez,30
61,Gina,Scott,22
62,Harrison,Nguyen,24
63,Ivy,Hernandez,26
64,Jackie,Clark,21
65,Kyle,Roberts,25
66,Lila,Lee,28
67,Marco,Allen,22
68,Nina,Young,29
69,Oscar,King,23
70,Paula,Adams,24
71,Quinn,Walker,27
72,Ronald,Hall,20
73,Sophie,Turner,30
74,Tony,Mitchell,21
75,Uma,Carter,25
76,Vera,Phillips,28
77,Wesley,Campbell,22
78,Xander,Evans,24
79,Yvette,Collins,26
80,Zara,Stewart,23
81,Aiden,Roberts,29
82,Bella,Young,21
83,Caleb,Garcia,25
84,Daphne,Martinez,27
85,Eli,Rodriguez,22
86,Fiona,Lee,24
87,George,Thompson,30
88,Holly,Clark,23
89,Isaac,Wright,26
90,Jasmine,Hall,21
91,Kevin,Anderson,25
92,Layla,Moore,28
93,Max,Jackson,22
94,Nora,White,24
95,Owen,Martinez,29
96,Paige,Smith,21
97,Quinn,Brown,25
98,Riley,Johnson,30
99,Samantha,Taylor,22
100,Tyler,Lee,26
1,John,Doe,25
2,Jane,Smith,22
3,Bob,Johnson,23
4,Alice,Williams,24
5,Charlie,Brown,26
6,Diana,Moore,21
7,Edward,Taylor,27
8,Emma,Anderson,22
9,Frank,Thomas,24
10,Grace,Jackson,23
11,Henry,White,28
12,Ivy,Harris,20
13,Jack,Martin,29
14,Kate,Thompson,21
15,Liam,Garcia,26
16,Mia,Martinez,24
17,Noah,Robinson,25
18,Olivia,Clark,22
19,Paul,Rodriguez,30
20,Quinn,Lewis,23
21,Rachel,Lee,24
22,Sam,Wright,27
23,Tina,Hall,22
24,Victor,Young,29
25,Wendy,Allen,21
26,Xander,Sanchez,25
27,Yara,King,28
28,Zachary,Scott,22
29,Amy,Bailey,24
30,Brian,Adams,26
31,Cathy,Nelson,23
32,Derek,Carter,25
33,Eva,Mitchell,21
34,Franklin,Perez,30
35,Gloria,Roberts,22
36,Hugo,Turner,27
37,Iris,Phillips,24
38,James,Campbell,26
39,Karen,Parker,23
40,Luke,Evans,29
41,Megan,Edwards,21
42,Nate,Collins,25
43,Olive,Stewart,28
44,Peter,Sanchez,22
45,Quincy,Nguyen,24
46,Rita,Long,27
47,Steve,Reed,30
48,Tara,Price,23
49,Ursula,Wood,26
50,Vincent,Cooper,21
51,Wanda,Richardson,25
52,Xena,Howard,28
53,Yasmine,James,22
54,Zane,Watson,24
55,Alice,Kim,29
56,Benjamin,Patel,21
57,Cynthia,Robinson,25
58,Dylan,Garcia,27
59,Evelyn,Martinez,23
60,Freddie,Lopez,30
61,Gina,Scott,22
62,Harrison,Nguyen,24
63,Ivy,Hernandez,26
64,Jackie,Clark,21
65,Kyle,Roberts,25
66,Lila,Lee,28
67,Marco,Allen,22
68,Nina,Young,29
69,Oscar,King,23
70,Paula,Adams,24
71,Quinn,Walker,27
72,Ronald,Hall,20
73,Sophie,Turner,30
74,Tony,Mitchell,21
75,Uma,Carter,25
76,Vera,Phillips,28
77,Wesley,Campbell,22
78,Xander,Evans,24
79,Yvette,Collins,26
80,Zara,Stewart,23
81,Aiden,Roberts,29
82,Bella,Young,21
83,Caleb,Garcia,25
84,Daphne,Martinez,27
85,Eli,Rodriguez,22
86,Fiona,Lee,24
87,George,Thompson,30
88,Holly,Clark,23
89,Isaac,Wright,26
90,Jasmine,Hall,21
91,Kevin,Anderson,25
92,Layla,Moore,28
93,Max,Jackson,22
94,Nora,White,24
95,Owen,Martinez,29
96,Paige,Smith,21
97,Quinn,Brown,25
98,Riley,Johnson,30
99,Samantha,Taylor,22
100,Tyler,Lee,26
1,John,Doe,25
2,Jane,Smith,22
3,Bob,Johnson,23
4,Alice,Williams,24
5,Charlie,Brown,26
6,Diana,Moore,21
7,Edward,Taylor,27
8,Emma,Anderson,22
9,Frank,Thomas,24
10,Grace,Jackson,23
11,Henry,White,28
12,Ivy,Harris,20
13,Jack,Martin,29
14,Kate,Thompson,21
15,Liam,Garcia,26
16,Mia,Martinez,24
17,Noah,Robinson,25
18,Olivia,Clark,22
19,Paul,Rodriguez,30
20,Quinn,Lewis,23
21,Rachel,Lee,24
22,Sam,Wright,27
23,Tina,Hall,22
24,Victor,Young,29
25,Wendy,Allen,21
26,Xander,Sanchez,25
27,Yara,King,28
28,Zachary,Scott,22
29,Amy,Bailey,24
30,Brian,Adams,26
31,Cathy,Nelson,23
32,Derek,Carter,25
33,Eva,Mitchell,21
34,Franklin,Perez,30
35,Gloria,Roberts,22
36,Hugo,Turner,27
37,Iris,Phillips,24
38,James,Campbell,26
39,Karen,Parker,23
40,Luke,Evans,29
41,Megan,Edwards,21
42,Nate,Collins,25
43,Olive,Stewart,28
44,Peter,Sanchez,22
45,Quincy,Nguyen,24
46,Rita,Long,27
47,Steve,Reed,30
48,Tara,Price,23
49,Ursula,Wood,26
50,Vincent,Cooper,21
51,Wanda,Richardson,25
52,Xena,Howard,28
53,Yasmine,James,22
54,Zane,Watson,24
55,Alice,Kim,29
56,Benjamin,Patel,21
57,Cynthia,Robinson,25
58,Dylan,Garcia,27
59,Evelyn,Martinez,23
60,Freddie,Lopez,30
61,Gina,Scott,22
62,Harrison,Nguyen,24
63,Ivy,Hernandez,26
64,Jackie,Clark,21
65,Kyle,Roberts,25
66,Lila,Lee,28
67,Marco,Allen,22
68,Nina,Young,29
69,Oscar,King,23
70,Paula,Adams,24
71,Quinn,Walker,27
72,Ronald,Hall,20
73,Sophie,Turner,30
74,Tony,Mitchell,21
75,Uma,Carter,25
76,Vera,Phillips,28
77,Wesley,Campbell,22
78,Xander,Evans,24
79,Yvette,Collins,26
80,Zara,Stewart,23
81,Aiden,Roberts,29
82,Bella,Young,21
83,Caleb,Garcia,25
84,Daphne,Martinez,27
85,Eli,Rodriguez,22
86,Fiona,Lee,24
87,George,Thompson,30
88,Holly,Clark,23
89,Isaac,Wright,26
90,Jasmine,Hall,21
91,Kevin,Anderson,25
92,Layla,Moore,28
93,Max,Jackson,22
94,Nora,White,24
95,Owen,Martinez,29
96,Paige,Smith,21
97,Quinn,Brown,25
98,Riley,Johnson,30
99,Samantha,Taylor,22
100,Tyler,Lee,26
1,John,Doe,25
2,Jane,Smith,22
3,Bob,Johnson,23
4,Alice,Williams,24
5,Charlie,Brown,26
6,Diana,Moore,21
7,Edward,Taylor,27
8,Emma,Anderson,22
9,Frank,Thomas,24
10,Grace,Jackson,23
11,Henry,White,28
12,Ivy,Harris,20
13,Jack,Martin,29
14,Kate,Thompson,21
15,Liam,Garcia,26
16,Mia,Martinez,24
17,Noah,Robinson,25
18,Olivia,Clark,22
19,Paul,Rodriguez,30
20,Quinn,Lewis,23
21,Rachel,Lee,24
22,Sam,Wright,27
23,Tina,Hall,22
24,Victor,Young,29
25,Wendy,Allen,21
26,Xander,Sanchez,25
27,Yara,King,28
28,Zachary,Scott,22
29,Amy,Bailey,24
30,Brian,Adams,26
31,Cathy,Nelson,23
32,Derek,Carter,25
33,Eva,Mitchell,21
34,Franklin,Perez,30
35,Gloria,Roberts,22
36,Hugo,Turner,27
37,Iris,Phillips,24
38,James,Campbell,26
39,Karen,Parker,23
40,Luke,Evans,29
41,Megan,Edwards,21
42,Nate,Collins,25
43,Olive,Stewart,28
44,Peter,Sanchez,22
45,Quincy,Nguyen,24
46,Rita,Long,27
47,Steve,Reed,30
48,Tara,Price,23
49,Ursula,Wood,26
50,Vincent,Cooper,21
51,Wanda,Richardson,25
52,Xena,Howard,28
53,Yasmine,James,22
54,Zane,Watson,24
55,Alice,Kim,29
56,Benjamin,Patel,21
57,Cynthia,Robinson,25
58,Dylan,Garcia,27
59,Evelyn,Martinez,23
60,Freddie,Lopez,30
61,Gina,Scott,22
62,Harrison,Nguyen,24
63,Ivy,Hernandez,26
64,Jackie,Clark,21
65,Kyle,Roberts,25
66,Lila,Lee,28
67,Marco,Allen,22
68,Nina,Young,29
69,Oscar,King,23
70,Paula,Adams,24
71,Quinn,Walker,27
72,Ronald,Hall,20
73,Sophie,Turner,30
74,Tony,Mitchell,21
75,Uma,Carter,25
76,Vera,Phillips,28
77,Wesley,Campbell,22
78,Xander,Evans,24
79,Yvette,Collins,26
80,Zara,Stewart,23
81,Aiden,Roberts,29
82,Bella,Young,21
83,Caleb,Garcia,25
84,Daphne,Martinez,27
85,Eli,Rodriguez,22
86,Fiona,Lee,24
87,George,Thompson,30
88,Holly,Clark,23
89,Isaac,Wright,26
90,Jasmine,Hall,21
91,Kevin,Anderson,25
92,Layla,Moore,28
93,Max,Jackson,22
94,Nora,White,24
95,Owen,Martinez,29
96,Paige,Smith,21
97,Quinn,Brown,25
98,Riley,Johnson,30
99,Samantha,Taylor,22
100,Tyler,Lee,26
1,John,Doe,25
2,Jane,Smith,22
3,Bob,Johnson,23
4,Alice,Williams,24
5,Charlie,Brown,26
6,Diana,Moore,21
7,Edward,Taylor,27
8,Emma,Anderson,22
9,Frank,Thomas,24
10,Grace,Jackson,23
11,Henry,White,28
12,Ivy,Harris,20
13,Jack,Martin,29
14,Kate,Thompson,21
15,Liam,Garcia,26
16,Mia,Martinez,24
17,Noah,Robinson,25
18,Olivia,Clark,22
19,Paul,Rodriguez,30
20,Quinn,Lewis,23
21,Rachel,Lee,24
22,Sam,Wright,27
23,Tina,Hall,22
24,Victor,Young,29
25,Wendy,Allen,21
26,Xander,Sanchez,25
27,Yara,King,28
28,Zachary,Scott,22
29,Amy,Bailey,24
30,Brian,Adams,26
31,Cathy,Nelson,23
32,Derek,Carter,25
33,Eva,Mitchell,21
34,Franklin,Perez,30
35,Gloria,Roberts,22
36,Hugo,Turner,27
37,Iris,Phillips,24
38,James,Campbell,26
39,Karen,Parker,23
40,Luke,Evans,29
41,Megan,Edwards,21
42,Nate,Collins,25
43,Olive,Stewart,28
44,Peter,Sanchez,22
45,Quincy,Nguyen,24
46,Rita,Long,27
47,Steve,Reed,30
48,Tara,Price,23
49,Ursula,Wood,26
50,Vincent,Cooper,21
51,Wanda,Richardson,25
52,Xena,Howard,28
53,Yasmine,James,22
54,Zane,Watson,24
55,Alice,Kim,29
56,Benjamin,Patel,21
57,Cynthia,Robinson,25
58,Dylan,Garcia,27
59,Evelyn,Martinez,23
60,Freddie,Lopez,30
61,Gina,Scott,22
62,Harrison,Nguyen,24
63,Ivy,Hernandez,26
64,Jackie,Clark,21
65,Kyle,Roberts,25
66,Lila,Lee,28
67,Marco,Allen,22
68,Nina,Young,29
69,Oscar,King,23
70,Paula,Adams,24
71,Quinn,Walker,27
72,Ronald,Hall,20
73,Sophie,Turner,30
74,Tony,Mitchell,21
75,Uma,Carter,25
76,Vera,Phillips,28
77,Wesley,Campbell,22
78,Xander,Evans,24
79,Yvette,Collins,26
80,Zara,Stewart,23
81,Aiden,Roberts,29
82,Bella,Young,21
83,Caleb,Garcia,25
84,Daphne,Martinez,27
85,Eli,Rodriguez,22
86,Fiona,Lee,24
87,George,Thompson,30
88,Holly,Clark,23
89,Isaac,Wright,26
90,Jasmine,Hall,21
91,Kevin,Anderson,25
92,Layla,Moore,28
93,Max,Jackson,22
94,Nora,White,24
95,Owen,Martinez,29
96,Paige,Smith,21
97,Quinn,Brown,25
98,Riley,Johnson,30
99,Samantha,Taylor,22
100,Tyler,Lee,26
1,John,Doe,25
2,Jane,Smith,22
3,Bob,Johnson,23
4,Alice,Williams,24
5,Charlie,Brown,26
6,Diana,Moore,21
7,Edward,Taylor,27
8,Emma,Anderson,22
9,Frank,Thomas,24
10,Grace,Jackson,23
11,Henry,White,28
12,Ivy,Harris,20
13,Jack,Martin,29
14,Kate,Thompson,21
15,Liam,Garcia,26
16,Mia,Martinez,24
17,Noah,Robinson,25
18,Olivia,Clark,22
19,Paul,Rodriguez,30
20,Quinn,Lewis,23
21,Rachel,Lee,24
22,Sam,Wright,27
23,Tina,Hall,22
24,Victor,Young,29
25,Wendy,Allen,21
26,Xander,Sanchez,25
27,Yara,King,28
28,Zachary,Scott,22
29,Amy,Bailey,24
30,Brian,Adams,26
31,Cathy,Nelson,23
32,Derek,Carter,25
33,Eva,Mitchell,21
34,Franklin,Perez,30
35,Gloria,Roberts,22
36,Hugo,Turner,27
37,Iris,Phillips,24
38,James,Campbell,26
39,Karen,Parker,23
40,Luke,Evans,29
41,Megan,Edwards,21
42,Nate,Collins,25
43,Olive,Stewart,28
44,Peter,Sanchez,22
45,Quincy,Nguyen,24
46,Rita,Long,27
47,Steve,Reed,30
48,Tara,Price,23
49,Ursula,Wood,26
50,Vincent,Cooper,21
51,Wanda,Richardson,25
52,Xena,Howard,28
53,Yasmine,James,22
54,Zane,Watson,24
55,Alice,Kim,29
56,Benjamin,Patel,21
57,Cynthia,Robinson,25
58,Dylan,Garcia,27
59,Evelyn,Martinez,23
60,Freddie,Lopez,30
61,Gina,Scott,22
62,Harrison,Nguyen,24
63,Ivy,Hernandez,26
64,Jackie,Clark,21
65,Kyle,Roberts,25
66,Lila,Lee,28
67,Marco,Allen,22
68,Nina,Young,29
69,Oscar,King,23
70,Paula,Adams,24
71,Quinn,Walker,27
72,Ronald,Hall,20
73,Sophie,Turner,30
74,Tony,Mitchell,21
75,Uma,Carter,25
76,Vera,Phillips,28
77,Wesley,Campbell,22
78,Xander,Evans,24
79,Yvette,Collins,26
80,Zara,Stewart,23
81,Aiden,Roberts,29
82,Bella,Young,21
83,Caleb,Garcia,25
84,Daphne,Martinez,27
85,Eli,Rodriguez,22
86,Fiona,Lee,24
87,George,Thompson,30
88,Holly,Clark,23
89,Isaac,Wright,26
90,Jasmine,Hall,21
91,Kevin,Anderson,25
92,Layla,Moore,28
93,Max,Jackson,22
94,Nora,White,24
95,Owen,Martinez,29
96,Paige,Smith,21
97,Quinn,Brown,25
98,Riley,Johnson,30
99,Samantha,Taylor,22
100,Tyler,Lee,26
1,John,Doe,25
2,Jane,Smith,22
3,Bob,Johnson,23
4,Alice,Williams,24
5,Charlie,Brown,26
6,Diana,Moore,21
7,Edward,Taylor,27
8,Emma,Anderson,22
9,Frank,Thomas,24
10,Grace,Jackson,23
11,Henry,White,28
12,Ivy,Harris,20
13,Jack,Martin,29
14,Kate,Thompson,21
15,Liam,Garcia,26
16,Mia,Martinez,24
17,Noah,Robinson,25
18,Olivia,Clark,22
19,Paul,Rodriguez,30
20,Quinn,Lewis,23
21,Rachel,Lee,24
22,Sam,Wright,27
23,Tina,Hall,22
24,Victor,Young,29
25,Wendy,Allen,21
26,Xander,Sanchez,25
27,Yara,King,28
28,Zachary,Scott,22
29,Amy,Bailey,24
30,Brian,Adams,26
31,Cathy,Nelson,23
32,Derek,Carter,25
33,Eva,Mitchell,21
34,Franklin,Perez,30
35,Gloria,Roberts,22
36,Hugo,Turner,27
37,Iris,Phillips,24
38,James,Campbell,26
39,Karen,Parker,23
40,Luke,Evans,29
41,Megan,Edwards,21
42,Nate,Collins,25
43,Olive,Stewart,28
44,Peter,Sanchez,22
45,Quincy,Nguyen,24
46,Rita,Long,27
47,Steve,Reed,30
48,Tara,Price,23
49,Ursula,Wood,26
50,Vincent,Cooper,21
51,Wanda,Richardson,25
52,Xena,Howard,28
53,Yasmine,James,22
54,Zane,Watson,24
55,Alice,Kim,29
56,Benjamin,Patel,21
57,Cynthia,Robinson,25
58,Dylan,Garcia,27
59,Evelyn,Martinez,23
60,Freddie,Lopez,30
61,Gina,Scott,22
62,Harrison,Nguyen,24
63,Ivy,Hernandez,26
64,Jackie,Clark,21
65,Kyle,Roberts,25
66,Lila,Lee,28
67,Marco,Allen,22
68,Nina,Young,29
69,Oscar,King,23
70,Paula,Adams,24
71,Quinn,Walker,27
72,Ronald,Hall,20
73,Sophie,Turner,30
74,Tony,Mitchell,21
75,Uma,Carter,25
76,Vera,Phillips,28
77,Wesley,Campbell,22
78,Xander,Evans,24
79,Yvette,Collins,26
80,Zara,Stewart,23
81,Aiden,Roberts,29
82,Bella,Young,21
83,Caleb,Garcia,25
84,Daphne,Martinez,27
85,Eli,Rodriguez,22
86,Fiona,Lee,24
87,George,Thompson,30
88,Holly,Clark,23
89,Isaac,Wright,26
90,Jasmine,Hall,21
91,Kevin,Anderson,25
92,Layla,Moore,28
93,Max,Jackson,22
94,Nora,White,24
95,Owen,Martinez,29
96,Paige,Smith,21
97,Quinn,Brown,25
98,Riley,Johnson,30
99,Samantha,Taylor,22
100,Tyler,Lee,26
1,John,Doe,25
2,Jane,Smith,22
3,Bob,Johnson,23
4,Alice,Williams,24
5,Charlie,Brown,26
6,Diana,Moore,21
7,Edward,Taylor,27
8,Emma,Anderson,22
9,Frank,Thomas,24
10,Grace,Jackson,23
11,Henry,White,28
12,Ivy,Harris,20
13,Jack,Martin,29
14,Kate,Thompson,21
15,Liam,Garcia,26
16,Mia,Martinez,24
17,Noah,Robinson,25
18,Olivia,Clark,22
19,Paul,Rodriguez,30
20,Quinn,Lewis,23
21,Rachel,Lee,24
22,Sam,Wright,27
23,Tina,Hall,22
24,Victor,Young,29
25,Wendy,Allen,21
26,Xander,Sanchez,25
27,Yara,King,28
28,Zachary,Scott,22
29,Amy,Bailey,24
30,Brian,Adams,26
31,Cathy,Nelson,23
32,Derek,Carter,25
33,Eva,Mitchell,21
34,Franklin,Perez,30
35,Gloria,Roberts,22
36,Hugo,Turner,27
37,Iris,Phillips,24
38,James,Campbell,26
39,Karen,Parker,23
40,Luke,Evans,29
41,Megan,Edwards,21
42,Nate,Collins,25
43,Olive,Stewart,28
44,Peter,Sanchez,22
45,Quincy,Nguyen,24
46,Rita,Long,27
47,Steve,Reed,30
48,Tara,Price,23
49,Ursula,Wood,26
50,Vincent,Cooper,21
51,Wanda,Richardson,25
52,Xena,Howard,28
53,Yasmine,James,22
54,Zane,Watson,24
55,Alice,Kim,29
56,Benjamin,Patel,21
57,Cynthia,Robinson,25
58,Dylan,Garcia,27
59,Evelyn,Martinez,23
60,Freddie,Lopez,30
61,Gina,Scott,22
62,Harrison,Nguyen,24
63,Ivy,Hernandez,26
64,Jackie,Clark,21
65,Kyle,Roberts,25
66,Lila,Lee,28
67,Marco,Allen,22
68,Nina,Young,29
69,Oscar,King,23
70,Paula,Adams,24
71,Quinn,Walker,27
72,Ronald,Hall,20
73,Sophie,Turner,30
74,Tony,Mitchell,21
75,Uma,Carter,25
76,Vera,Phillips,28
77,Wesley,Campbell,22
78,Xander,Evans,24
79,Yvette,Collins,26
80,Zara,Stewart,23
81,Aiden,Roberts,29
82,Bella,Young,21
83,Caleb,Garcia,25
84,Daphne,Martinez,27
85,Eli,Rodriguez,22
86,Fiona,Lee,24
87,George,Thompson,30
88,Holly,Clark,23
89,Isaac,Wright,26
90,Jasmine,Hall,21
91,Kevin,Anderson,25
92,Layla,Moore,28
93,Max,Jackson,22
94,Nora,White,24
95,Owen,Martinez,29
96,Paige,Smith,21
97,Quinn,Brown,25
98,Riley,Johnson,30
99,Samantha,Taylor,22
100,Tyler,Lee,26
1,John,Doe,25
2,Jane,Smith,22
3,Bob,Johnson,23
4,Alice,Williams,24
5,Charlie,Brown,26
6,Diana,Moore,21
7,Edward,Taylor,27
8,Emma,Anderson,22
9,Frank,Thomas,24
10,Grace,Jackson,23
11,Henry,White,28
12,Ivy,Harris,20
13,Jack,Martin,29
14,Kate,Thompson,21
15,Liam,Garcia,26
16,Mia,Martinez,24
17,Noah,Robinson,25
18,Olivia,Clark,22
19,Paul,Rodriguez,30
20,Quinn,Lewis,23
21,Rachel,Lee,24
22,Sam,Wright,27
23,Tina,Hall,22
24,Victor,Young,29
25,Wendy,Allen,21
26,Xander,Sanchez,25
27,Yara,King,28
28,Zachary,Scott,22
29,Amy,Bailey,24
30,Brian,Adams,26
31,Cathy,Nelson,23
32,Derek,Carter,25
33,Eva,Mitchell,21
34,Franklin,Perez,30
35,Gloria,Roberts,22
36,Hugo,Turner,27
37,Iris,Phillips,24
38,James,Campbell,26
39,Karen,Parker,23
40,Luke,Evans,29
41,Megan,Edwards,21
42,Nate,Collins,25
43,Olive,Stewart,28
44,Peter,Sanchez,22
45,Quincy,Nguyen,24
46,Rita,Long,27
47,Steve,Reed,30
48,Tara,Price,23
49,Ursula,Wood,26
50,Vincent,Cooper,21
51,Wanda,Richardson,25
52,Xena,Howard,28
53,Yasmine,James,22
54,Zane,Watson,24
55,Alice,Kim,29
56,Benjamin,Patel,21
57,Cynthia,Robinson,25
58,Dylan,Garcia,27
59,Evelyn,Martinez,23
60,Freddie,Lopez,30
61,Gina,Scott,22
62,Harrison,Nguyen,24
63,Ivy,Hernandez,26
64,Jackie,Clark,21
65,Kyle,Roberts,25
66,Lila,Lee,28
67,Marco,Allen,22
68,Nina,Young,29
69,Oscar,King,23
70,Paula,Adams,24
71,Quinn,Walker,27
72,Ronald,Hall,20
73,Sophie,Turner,30
74,Tony,Mitchell,21
75,Uma,Carter,25
76,Vera,Phillips,28
77,Wesley,Campbell,22
78,Xander,Evans,24
79,Yvette,Collins,26
80,Zara,Stewart,23
81,Aiden,Roberts,29
82,Bella,Young,21
83,Caleb,Garcia,25
84,Daphne,Martinez,27
85,Eli,Rodriguez,22
86,Fiona,Lee,24
87,George,Thompson,30
88,Holly,Clark,23
89,Isaac,Wright,26
90,Jasmine,Hall,21
91,Kevin,Anderson,25
92,Layla,Moore,28
93,Max,Jackson,22
94,Nora,White,24
95,Owen,Martinez,29
96,Paige,Smith,21
97,Quinn,Brown,25
98,Riley,Johnson,30
99,Samantha,Taylor,22
100,Tyler,Lee,26
1,John,Doe,25
2,Jane,Smith,22
3,Bob,Johnson,23
4,Alice,Williams,24
5,Charlie,Brown,26
6,Diana,Moore,21
7,Edward,Taylor,27
8,Emma,Anderson,22
9,Frank,Thomas,24
10,Grace,Jackson,23
11,Henry,White,28
12,Ivy,Harris,20
13,Jack,Martin,29
14,Kate,Thompson,21
15,Liam,Garcia,26
16,Mia,Martinez,24
17,Noah,Robinson,25
18,Olivia,Clark,22
19,Paul,Rodriguez,30
20,Quinn,Lewis,23
21,Rachel,Lee,24
22,Sam,Wright,27
23,Tina,Hall,22
24,Victor,Young,29
25,Wendy,Allen,21
26,Xander,Sanchez,25
27,Yara,King,28
28,Zachary,Scott,22
29,Amy,Bailey,24
30,Brian,Adams,26
31,Cathy,Nelson,23
32,Derek,Carter,25
33,Eva,Mitchell,21
34,Franklin,Perez,30
35,Gloria,Roberts,22
36,Hugo,Turner,27
37,Iris,Phillips,24
38,James,Campbell,26
39,Karen,Parker,23
40,Luke,Evans,29
41,Megan,Edwards,21
42,Nate,Collins,25
43,Olive,Stewart,28
44,Peter,Sanchez,22
45,Quincy,Nguyen,24
46,Rita,Long,27
47,Steve,Reed,30
48,Tara,Price,23
49,Ursula,Wood,26
50,Vincent,Cooper,21
51,Wanda,Richardson,25
52,Xena,Howard,28
53,Yasmine,James,22
54,Zane,Watson,24
55,Alice,Kim,29
56,Benjamin,Patel,21
57,Cynthia,Robinson,25
58,Dylan,Garcia,27
59,Evelyn,Martinez,23
60,Freddie,Lopez,30
61,Gina,Scott,22
62,Harrison,Nguyen,24
63,Ivy,Hernandez,26
64,Jackie,Clark,21
65,Kyle,Roberts,25
66,Lila,Lee,28
67,Marco,Allen,22
68,Nina,Young,29
69,Oscar,King,23
70,Paula,Adams,24
71,Quinn,Walker,27
72,Ronald,Hall,20
73,Sophie,Turner,30
74,Tony,Mitchell,21
75,Uma,Carter,25
76,Vera,Phillips,28
77,Wesley,Campbell,22
78,Xander,Evans,24
79,Yvette,Collins,26
80,Zara,Stewart,23
81,Aiden,Roberts,29
82,Bella,Young,21
83,Caleb,Garcia,25
84,Daphne,Martinez,27
85,Eli,Rodriguez,22
86,Fiona,Lee,24
87,George,Thompson,30
88,Holly,Clark,23
89,Isaac,Wright,26
90,Jasmine,Hall,21
91,Kevin,Anderson,25
92,Layla,Moore,28
93,Max,Jackson,22
94,Nora,White,24
95,Owen,Martinez,29
96,Paige,Smith,21
97,Quinn,Brown,25
98,Riley,Johnson,30
99,Samantha,Taylor,22
100,Tyler,Lee,26
